{
  "accuracy": 0.7428571428571429,
  "precision": [
    0.8,
    0,
    0.5714285714285714,
    0.6666666666666666,
    1,
    0.8333333333333334,
    0.8,
    1
  ],
  "recall": [
    0.8,
    null,
    0.8,
    0.8,
    0.2,
    1,
    0.8,
    0.8
  ],
  "f1": [
    0.8000000000000002,
    null,
    0.6666666666666666,
    0.7272727272727272,
    0.33333333333333337,
    0.9090909090909091,
    0.8000000000000002,
    0.888888888888889
  ],
  "confusionMatrix": [
    [
      4,
      0,
      0,
      0,
      0,
      0,
      1,
      0
    ],
    [
      0,
      0,
      0,
      0,
      0,
      0,
      0,
      0
    ],
    [
      0,
      0,
      4,
      1,
      0,
      0,
      0,
      0
    ],
    [
      0,
      1,
      0,
      4,
      0,
      0,
      0,
      0
    ],
    [
      0,
      0,
      3,
      1,
      1,
      0,
      0,
      0
    ],
    [
      0,
      0,
      0,
      0,
      0,
      5,
      0,
      0
    ],
    [
      0,
      0,
      0,
      0,
      0,
      1,
      4,
      0
    ],
    [
      1,
      0,
      0,
      0,
      0,
      0,
      0,
      4
    ]
  ]
}